bank,quarter,call_date,source_url,local_file
ICICIBANK,Q4FY25,,,
ICICIBANK,Q1FY26,,,
ICICIBANK,Q2FY26,,,
ICICIBANK,Q3FY26,,,
ICICIBANK,Q4FY26,,,
ICICIBANK,Q1FY27,,,
HDFCBANK,Q4FY25,,,
HDFCBANK,Q1FY26,,,
HDFCBANK,Q2FY26,,,
HDFCBANK,Q3FY26,,,
HDFCBANK,Q4FY26,,,
HDFCBANK,Q1FY27,,,
AXISBANK,Q4FY25,,,
AXISBANK,Q1FY26,,,
AXISBANK,Q2FY26,,,
AXISBANK,Q3FY26,,,
AXISBANK,Q4FY26,,,
AXISBANK,Q1FY27,,,
KOTAKBANK,Q4FY25,,,
KOTAKBANK,Q1FY26,,,
KOTAKBANK,Q2FY26,,,
KOTAKBANK,Q3FY26,,,
KOTAKBANK,Q4FY26,,,
KOTAKBANK,Q1FY27,,,
SBIN,Q4FY25,,,
SBIN,Q1FY26,,,
SBIN,Q2FY26,,,
SBIN,Q3FY26,,,
SBIN,Q4FY26,,,
SBIN,Q1FY27,,,
